<?xml version="1.0" encoding="UTF-8" ?>
<!DOCTYPE mapper
  PUBLIC "-//mybatis.org//DTD Mapper 3.0//EN"
  "https://mybatis.org/dtd/mybatis-3-mapper.dtd">
<mapper namespace="kr.ezen.bbs.mapper.CategoryMapper">
	
	<!-- 게시글 등록 -->
	<insert id="catReg" parameterType="categoryDTO">
		INSERT INTO category(code, catName)
		VALUES(#{code},#{catName})
	</insert>

	<!-- 게시글 리스트 -->
  	<select id="catList" resultType="categoryDTO">
   		SELECT * FROM category
  	</select>

  	<!-- 글 상세보기 -->
  	<select id="view" parameterType="Integer" resultType="categoryDTO">
  		SELECT * FROM category WHERE catNum=#{catNum}
  	</select>
  	
  	<!-- 수정하기 -->
  	<update id="update" parameterType="categoryDTO">
  		UPDATE category SET code=#{code}, catName=#{catName}
  		WHERE catNum=#{catNum}
  	</update>
  	
  	<delete id="catDelete" parameterType="Integer">
  		DELETE FROM category WHERE catNum = #{catNum}
  	</delete>

</mapper>