<?xml version="1.0" encoding="UTF-8" ?>
<!DOCTYPE mapper
		PUBLIC "-//mybatis.org//DTD Mapper 3.0//EN"
		"https://mybatis.org/dtd/mybatis-3-mapper.dtd">
<mapper namespace="kr.ezen.bbs.mapper.ProductMapper">
	<!-- 전체 게시글 수 -->
	<select id="totalCnt" resultType="Integer">
		SELECT count(*) FROM tbl_board

	</select>
	
	<!-- 게시글 등록 -->
	<insert id="insert" parameterType="productDTO">
		INSERT INTO product(pName, pCategory_fk, pCompany, pImage, pQty, price, pSpec, pContent, pPoint, pInputDate)
		VALUES(#{pName},#{pCategory_fk},#{pCompany},#{pImage},#{pQty},#{price},#{pSpec},#{pContent},#{pPoint},sysdate())
	</insert>

	<!-- 게시글 리스트 -->
  	<select id="pList" resultType="productDTO">
   		SELECT * FROM product
		ORDER BY pNum DESC LIMIT #{startIndex}, #{cntPerPage}
  	</select>

	<select id="pList2" resultType="productDTO">
		SELECT * FROM product
	</select>
  	<!-- 글 상세보기 -->
  	<select id="view" parameterType="Integer" resultType="productDTO">
  		SELECT * FROM product WHERE pNum=#{pNum}
  	</select>

	<select id="getProdBySpec" parameterType="String" resultType="productDTO">
	SELECT * FROM product WHERE pSpec=#{pSpec}
	</select>

	<select id="getProdByCategory" parameterType="String" resultType="productDTO">
		SELECT * FROM product WHERE pCategory_fk=#{pCategory_fk}
	</select>
  	
  	<!-- 수정하기 -->
  	<update id="update" parameterType="productDTO">
  		UPDATE product SET pName=#{pName}, pCategory_fk=#{pCategory_fk}, pCompany=#{pCompany}, pImage=#{pImage}, pQty=#{pQty}, price=#{price},pSpec=#{pSpec},pContent=#{pContent},pPoint=#{pPoint}
  		WHERE pNum=#{pNum}
  	</update>
  	
  	<delete id="delete" parameterType="Integer">
  		DELETE FROM product WHERE pNum = #{pNum}
  	</delete>

	<select id="prodView" resultType="productDTO">
		SELECT * FROM product WHERE pNum=#{pNum}
	</select>
</mapper>